[{"pk": 1, "model": "contenttypes.contenttype", "fields": {"model": "permission", "name": "permission", "app_label": "auth"}}, {"pk": 2, "model": "contenttypes.contenttype", "fields": {"model": "group", "name": "group", "app_label": "auth"}}, {"pk": 3, "model": "contenttypes.contenttype", "fields": {"model": "user", "name": "user", "app_label": "auth"}}, {"pk": 4, "model": "contenttypes.contenttype", "fields": {"model": "contenttype", "name": "content type", "app_label": "contenttypes"}}, {"pk": 5, "model": "contenttypes.contenttype", "fields": {"model": "session", "name": "session", "app_label": "sessions"}}, {"pk": 6, "model": "contenttypes.contenttype", "fields": {"model": "site", "name": "site", "app_label": "sites"}}, {"pk": 7, "model": "contenttypes.contenttype", "fields": {"model": "logentry", "name": "log entry", "app_label": "admin"}}, {"pk": 8, "model": "contenttypes.contenttype", "fields": {"model": "migrationhistory", "name": "migration history", "app_label": "south"}}, {"pk": 9, "model": "contenttypes.contenttype", "fields": {"model": "album", "name": "album", "app_label": "gallery"}}, {"pk": 10, "model": "contenttypes.contenttype", "fields": {"model": "photo", "name": "photo", "app_label": "gallery"}}, {"pk": "awkru47bg0xd1vdcblk8nx05sqd8ex6a", "model": "sessions.session", "fields": {"expire_date": "2013-08-23T12:48:28.875Z", "session_data": "ZjEyZThlZmIwNzU5ZTI0YmE0NGVkYzRkMGFkYTRmNDNkZGFhYmFmNzqAAn1xAShVEl9hdXRoX3VzZXJfYmFja2VuZHECVSlkamFuZ28uY29udHJpYi5hdXRoLmJhY2tlbmRzLk1vZGVsQmFja2VuZHEDVQ1fYXV0aF91c2VyX2lkcQRLAXUu"}}, {"pk": "y88h0ifjyb3ncgdvc6rddx1oyzj3cugk", "model": "sessions.session", "fields": {"expire_date": "2013-10-15T09:25:45.440Z", "session_data": "ZjEyZThlZmIwNzU5ZTI0YmE0NGVkYzRkMGFkYTRmNDNkZGFhYmFmNzqAAn1xAShVEl9hdXRoX3VzZXJfYmFja2VuZHECVSlkamFuZ28uY29udHJpYi5hdXRoLmJhY2tlbmRzLk1vZGVsQmFja2VuZHEDVQ1fYXV0aF91c2VyX2lkcQRLAXUu"}}, {"pk": "yp7h7y0dze5a43irem5qqnf74275c9zs", "model": "sessions.session", "fields": {"expire_date": "2013-09-14T11:08:50.269Z", "session_data": "ZjEyZThlZmIwNzU5ZTI0YmE0NGVkYzRkMGFkYTRmNDNkZGFhYmFmNzqAAn1xAShVEl9hdXRoX3VzZXJfYmFja2VuZHECVSlkamFuZ28uY29udHJpYi5hdXRoLmJhY2tlbmRzLk1vZGVsQmFja2VuZHEDVQ1fYXV0aF91c2VyX2lkcQRLAXUu"}}, {"pk": 1, "model": "sites.site", "fields": {"domain": "example.com", "name": "example.com"}}, {"pk": 1, "model": "south.migrationhistory", "fields": {"applied": "2013-08-31T10:40:31.303Z", "app_name": "gallery", "migration": "0001_initial"}}, {"pk": 2, "model": "south.migrationhistory", "fields": {"applied": "2013-08-31T14:03:43.843Z", "app_name": "gallery", "migration": "0002_auto__chg_field_photo_album"}}, {"pk": 3, "model": "gallery.album", "fields": {"title": "Edificaci\u00f3n nueva y fachadas", "modified": "2013-10-01T09:26:54.740Z", "created": "2013-10-01T09:26:54.649Z"}}, {"pk": 4, "model": "gallery.album", "fields": {"title": "Reformas Interiores", "modified": "2013-10-01T09:27:54.362Z", "created": "2013-10-01T09:27:06.216Z"}}, {"pk": 5, "model": "gallery.album", "fields": {"title": "R\u00fastico y Chalets", "modified": "2013-10-01T09:27:19.345Z", "created": "2013-10-01T09:27:19.333Z"}}, {"pk": 6, "model": "gallery.album", "fields": {"title": "Trabajos Especiales", "modified": "2013-10-01T09:27:40.895Z", "created": "2013-10-01T09:27:40.890Z"}}, {"pk": 11, "model": "gallery.photo", "fields": {"album": null, "title": "Tiendas slide", "photo": "photos/tiendas-slide.jpg", "created": "2013-09-02T08:37:51.857Z", "modified": "2013-09-02T08:37:51.867Z", "carousel": true}}, {"pk": 12, "model": "gallery.photo", "fields": {"album": null, "title": "Chalets slide", "photo": "photos/chalets-slide.jpg", "created": "2013-09-02T08:38:25.433Z", "modified": "2013-09-02T08:38:25.445Z", "carousel": true}}, {"pk": 17, "model": "gallery.photo", "fields": {"album": 3, "title": "Vigas chalet exterior", "photo": "photos/vigas-chalet-exterior.jpg", "created": "2013-10-01T09:29:57.977Z", "modified": "2013-10-01T09:29:58.191Z", "carousel": false}}, {"pk": 18, "model": "gallery.photo", "fields": {"album": 3, "title": "Vigas chalet interior", "photo": "photos/vigas-chalet-interior.jpg", "created": "2013-10-01T09:31:26.390Z", "modified": "2013-10-01T09:31:26.425Z", "carousel": false}}, {"pk": 19, "model": "gallery.photo", "fields": {"album": 3, "title": "Edificio caravista", "photo": "photos/edificio-caravista.jpg", "created": "2013-10-01T09:32:27.385Z", "modified": "2013-10-01T09:32:27.420Z", "carousel": false}}, {"pk": 20, "model": "gallery.photo", "fields": {"album": 3, "title": "Fachada caravista", "photo": "photos/fachada-caravista.jpg", "created": "2013-10-01T09:32:48.755Z", "modified": "2013-10-01T09:32:48.775Z", "carousel": false}}, {"pk": 21, "model": "gallery.photo", "fields": {"album": 4, "title": "Ventana ba\u00f1o", "photo": "photos/ventana-bano.jpg", "created": "2013-10-01T09:35:54.062Z", "modified": "2013-10-01T09:35:54.098Z", "carousel": false}}, {"pk": 22, "model": "gallery.photo", "fields": {"album": 4, "title": "Lavabo ba\u00f1o", "photo": "photos/lavabo-bano.jpg", "created": "2013-10-01T09:36:52.142Z", "modified": "2013-10-01T09:36:52.176Z", "carousel": false}}, {"pk": 23, "model": "gallery.photo", "fields": {"album": 4, "title": "Ducha ba\u00f1o", "photo": "photos/ducha-bano.jpg", "created": "2013-10-01T09:37:12.169Z", "modified": "2013-10-01T09:37:12.205Z", "carousel": false}}, {"pk": 24, "model": "gallery.photo", "fields": {"album": 4, "title": "Vista general ba\u00f1o", "photo": "photos/vista-general-bano.jpg", "created": "2013-10-01T09:37:51.767Z", "modified": "2013-10-01T09:37:51.792Z", "carousel": false}}, {"pk": 25, "model": "gallery.photo", "fields": {"album": 4, "title": "Ba\u00f1o", "photo": "photos/bano.jpg", "created": "2013-10-01T09:38:46.486Z", "modified": "2013-10-01T09:38:46.525Z", "carousel": false}}, {"pk": 26, "model": "gallery.photo", "fields": {"album": 4, "title": "Ba\u00f1o sin amueblar", "photo": "photos/bano-sin-amueblar.jpg", "created": "2013-10-01T09:39:40.987Z", "modified": "2013-10-01T09:39:41.018Z", "carousel": false}}, {"pk": 27, "model": "gallery.photo", "fields": {"album": 4, "title": "Tienda interior", "photo": "photos/tienda-interior.jpg", "created": "2013-10-01T09:40:13.784Z", "modified": "2013-10-01T09:40:13.808Z", "carousel": false}}, {"pk": 28, "model": "gallery.photo", "fields": {"album": 4, "title": "Interior tienda", "photo": "photos/interior-tienda.jpg", "created": "2013-10-01T09:40:42.395Z", "modified": "2013-10-01T09:40:42.430Z", "carousel": false}}, {"pk": 29, "model": "gallery.photo", "fields": {"album": 4, "title": "Botellero cocina", "photo": "photos/botellero-cocina.jpg", "created": "2013-10-01T09:41:52.875Z", "modified": "2013-10-01T09:41:52.909Z", "carousel": false}}, {"pk": 30, "model": "gallery.photo", "fields": {"album": 4, "title": "Cocina sin amueblar", "photo": "photos/cocina-sin-amueblar.jpg", "created": "2013-10-01T09:42:09.409Z", "modified": "2013-10-01T09:42:09.444Z", "carousel": false}}, {"pk": 31, "model": "gallery.photo", "fields": {"album": 4, "title": "Arco de cocina sin amueblar", "photo": "photos/arco-de-cocina-sin-amueblar.jpg", "created": "2013-10-01T09:43:03.192Z", "modified": "2013-10-01T09:43:03.226Z", "carousel": false}}, {"pk": 32, "model": "gallery.photo", "fields": {"album": 4, "title": "Arco cocina amueblado", "photo": "photos/arco-cocina-amueblado.jpg", "created": "2013-10-01T09:43:31.122Z", "modified": "2013-10-01T09:43:31.156Z", "carousel": false}}, {"pk": 33, "model": "gallery.photo", "fields": {"album": 4, "title": "Barra americana sin amueblar", "photo": "photos/barra-americana-sin-amueblar.jpg", "created": "2013-10-01T09:44:05.042Z", "modified": "2013-10-01T09:44:05.077Z", "carousel": false}}, {"pk": 34, "model": "gallery.photo", "fields": {"album": 4, "title": "Barra americana amueblada", "photo": "photos/barra-americana-amueblada.jpg", "created": "2013-10-01T09:44:43.874Z", "modified": "2013-10-01T09:44:43.903Z", "carousel": false}}, {"pk": 35, "model": "gallery.photo", "fields": {"album": 5, "title": "Sombreros entrada", "photo": "photos/sombreros-entrada.jpg", "created": "2013-10-01T09:54:15.022Z", "modified": "2013-10-01T09:54:15.057Z", "carousel": false}}, {"pk": 36, "model": "gallery.photo", "fields": {"album": 5, "title": "Porche chalet", "photo": "photos/porche-chalet.jpg", "created": "2013-10-01T09:54:47.213Z", "modified": "2013-10-01T09:54:47.248Z", "carousel": false}}, {"pk": 37, "model": "gallery.photo", "fields": {"album": 5, "title": "Terraza pavimentada", "photo": "photos/terraza-pavimentada.jpg", "created": "2013-10-01T09:55:04.577Z", "modified": "2013-10-01T09:55:04.605Z", "carousel": false}}, {"pk": 38, "model": "gallery.photo", "fields": {"album": 5, "title": "Barbacoa exterior", "photo": "photos/barbacoa-exterior.jpg", "created": "2013-10-01T09:55:25.966Z", "modified": "2013-10-01T09:55:26.006Z", "carousel": false}}, {"pk": 39, "model": "gallery.photo", "fields": {"album": 5, "title": "Interior barbacoa", "photo": "photos/interior-barbacoa.jpg", "created": "2013-10-01T09:55:47.149Z", "modified": "2013-10-01T09:55:47.167Z", "carousel": false}}, {"pk": 40, "model": "gallery.photo", "fields": {"album": 5, "title": "Fregadero barbacoa", "photo": "photos/fregadero-barbacoa.jpg", "created": "2013-10-01T09:56:05.283Z", "modified": "2013-10-01T09:56:05.318Z", "carousel": false}}, {"pk": 41, "model": "gallery.photo", "fields": {"album": 5, "title": "Chalet con piscina", "photo": "photos/chalet-con-piscina.jpg", "created": "2013-10-01T09:56:32.573Z", "modified": "2013-10-01T09:56:32.598Z", "carousel": false}}, {"pk": 42, "model": "gallery.photo", "fields": {"album": 6, "title": "Arco caravista", "photo": "photos/arco-caravista.jpg", "created": "2013-10-01T09:57:18.016Z", "modified": "2013-10-01T09:57:18.052Z", "carousel": false}}, {"pk": 43, "model": "gallery.photo", "fields": {"album": 6, "title": "Arco caravista destalle", "photo": "photos/arco-caravista-destalle.jpg", "created": "2013-10-01T09:57:33.019Z", "modified": "2013-10-01T09:57:33.041Z", "carousel": false}}, {"pk": 44, "model": "gallery.photo", "fields": {"album": 6, "title": "Tienda exterior", "photo": "photos/tienda-exterior.jpg", "created": "2013-10-01T09:58:02.434Z", "modified": "2013-10-01T09:58:02.473Z", "carousel": false}}, {"pk": 45, "model": "gallery.photo", "fields": {"album": 6, "title": "Horno y chimenea", "photo": "photos/horno-y-chimenea.jpg", "created": "2013-10-01T09:58:29.669Z", "modified": "2013-10-01T09:58:29.694Z", "carousel": false}}, {"pk": 46, "model": "gallery.photo", "fields": {"album": 6, "title": "Caseta", "photo": "photos/caseta.jpg", "created": "2013-10-01T09:58:56.490Z", "modified": "2013-10-01T09:58:56.511Z", "carousel": false}}, {"pk": 47, "model": "gallery.photo", "fields": {"album": 6, "title": "Jard\u00edn con estanque", "photo": "photos/jardin-con-estanque.jpg", "created": "2013-10-01T09:59:21.422Z", "modified": "2013-10-01T09:59:21.452Z", "carousel": false}}, {"pk": 48, "model": "gallery.photo", "fields": {"album": 6, "title": "Jard\u00edn en \u00e1tico ", "photo": "photos/jardin-en-atico.jpg", "created": "2013-10-01T10:00:22.553Z", "modified": "2013-10-01T10:00:22.587Z", "carousel": false}}, {"pk": 49, "model": "gallery.photo", "fields": {"album": null, "title": "Interior slide", "photo": "photos/interior-slide.jpg", "created": "2013-10-02T08:24:09.413Z", "modified": "2013-10-02T08:24:09.521Z", "carousel": true}}, {"pk": 50, "model": "gallery.photo", "fields": {"album": null, "title": "R\u00fastico slide", "photo": "photos/rustico-slide.jpg", "created": "2013-10-02T08:24:30.221Z", "modified": "2013-10-02T08:24:30.241Z", "carousel": true}}, {"pk": 1, "model": "auth.permission", "fields": {"codename": "add_permission", "name": "Can add permission", "content_type": 1}}, {"pk": 2, "model": "auth.permission", "fields": {"codename": "change_permission", "name": "Can change permission", "content_type": 1}}, {"pk": 3, "model": "auth.permission", "fields": {"codename": "delete_permission", "name": "Can delete permission", "content_type": 1}}, {"pk": 4, "model": "auth.permission", "fields": {"codename": "add_group", "name": "Can add group", "content_type": 2}}, {"pk": 5, "model": "auth.permission", "fields": {"codename": "change_group", "name": "Can change group", "content_type": 2}}, {"pk": 6, "model": "auth.permission", "fields": {"codename": "delete_group", "name": "Can delete group", "content_type": 2}}, {"pk": 7, "model": "auth.permission", "fields": {"codename": "add_user", "name": "Can add user", "content_type": 3}}, {"pk": 8, "model": "auth.permission", "fields": {"codename": "change_user", "name": "Can change user", "content_type": 3}}, {"pk": 9, "model": "auth.permission", "fields": {"codename": "delete_user", "name": "Can delete user", "content_type": 3}}, {"pk": 10, "model": "auth.permission", "fields": {"codename": "add_contenttype", "name": "Can add content type", "content_type": 4}}, {"pk": 11, "model": "auth.permission", "fields": {"codename": "change_contenttype", "name": "Can change content type", "content_type": 4}}, {"pk": 12, "model": "auth.permission", "fields": {"codename": "delete_contenttype", "name": "Can delete content type", "content_type": 4}}, {"pk": 13, "model": "auth.permission", "fields": {"codename": "add_session", "name": "Can add session", "content_type": 5}}, {"pk": 14, "model": "auth.permission", "fields": {"codename": "change_session", "name": "Can change session", "content_type": 5}}, {"pk": 15, "model": "auth.permission", "fields": {"codename": "delete_session", "name": "Can delete session", "content_type": 5}}, {"pk": 16, "model": "auth.permission", "fields": {"codename": "add_site", "name": "Can add site", "content_type": 6}}, {"pk": 17, "model": "auth.permission", "fields": {"codename": "change_site", "name": "Can change site", "content_type": 6}}, {"pk": 18, "model": "auth.permission", "fields": {"codename": "delete_site", "name": "Can delete site", "content_type": 6}}, {"pk": 19, "model": "auth.permission", "fields": {"codename": "add_logentry", "name": "Can add log entry", "content_type": 7}}, {"pk": 20, "model": "auth.permission", "fields": {"codename": "change_logentry", "name": "Can change log entry", "content_type": 7}}, {"pk": 21, "model": "auth.permission", "fields": {"codename": "delete_logentry", "name": "Can delete log entry", "content_type": 7}}, {"pk": 22, "model": "auth.permission", "fields": {"codename": "add_migrationhistory", "name": "Can add migration history", "content_type": 8}}, {"pk": 23, "model": "auth.permission", "fields": {"codename": "change_migrationhistory", "name": "Can change migration history", "content_type": 8}}, {"pk": 24, "model": "auth.permission", "fields": {"codename": "delete_migrationhistory", "name": "Can delete migration history", "content_type": 8}}, {"pk": 25, "model": "auth.permission", "fields": {"codename": "add_album", "name": "Can add album", "content_type": 9}}, {"pk": 26, "model": "auth.permission", "fields": {"codename": "change_album", "name": "Can change album", "content_type": 9}}, {"pk": 27, "model": "auth.permission", "fields": {"codename": "delete_album", "name": "Can delete album", "content_type": 9}}, {"pk": 28, "model": "auth.permission", "fields": {"codename": "add_photo", "name": "Can add photo", "content_type": 10}}, {"pk": 29, "model": "auth.permission", "fields": {"codename": "change_photo", "name": "Can change photo", "content_type": 10}}, {"pk": 30, "model": "auth.permission", "fields": {"codename": "delete_photo", "name": "Can delete photo", "content_type": 10}}, {"pk": 1, "model": "auth.user", "fields": {"username": "rubo", "first_name": "", "last_name": "", "is_active": true, "is_superuser": true, "is_staff": true, "last_login": "2013-10-01T09:25:45.309Z", "groups": [], "user_permissions": [], "password": "pbkdf2_sha256$10000$NGGHxmibTLdm$sp5isL/9WVyhYv0DxHuQim5YbTmR5Gw3bwb2qQANRHs=", "email": "", "date_joined": "2013-08-09T12:46:37.401Z"}}, {"pk": 1, "model": "admin.logentry", "fields": {"action_flag": 1, "action_time": "2013-08-31T14:06:15.728Z", "object_repr": "Album object", "object_id": "1", "change_message": "", "user": 1, "content_type": 9}}, {"pk": 2, "model": "admin.logentry", "fields": {"action_flag": 1, "action_time": "2013-08-31T14:07:03.392Z", "object_repr": "Photo object", "object_id": "2", "change_message": "", "user": 1, "content_type": 10}}, {"pk": 3, "model": "admin.logentry", "fields": {"action_flag": 2, "action_time": "2013-08-31T14:07:46.692Z", "object_repr": "Photo object", "object_id": "2", "change_message": "Modificado/a title.", "user": 1, "content_type": 10}}, {"pk": 4, "model": "admin.logentry", "fields": {"action_flag": 2, "action_time": "2013-08-31T14:08:22.376Z", "object_repr": "Photo object", "object_id": "2", "change_message": "Modificado/a photo.", "user": 1, "content_type": 10}}, {"pk": 5, "model": "admin.logentry", "fields": {"action_flag": 1, "action_time": "2013-08-31T15:54:55.152Z", "object_repr": "Photo object", "object_id": "7", "change_message": "", "user": 1, "content_type": 10}}, {"pk": 6, "model": "admin.logentry", "fields": {"action_flag": 1, "action_time": "2013-08-31T15:56:50.140Z", "object_repr": "Chalets slide", "object_id": "8", "change_message": "", "user": 1, "content_type": 10}}, {"pk": 7, "model": "admin.logentry", "fields": {"action_flag": 3, "action_time": "2013-08-31T16:29:42.687Z", "object_repr": "Chalets slide", "object_id": "8", "change_message": "", "user": 1, "content_type": 10}}, {"pk": 8, "model": "admin.logentry", "fields": {"action_flag": 3, "action_time": "2013-08-31T16:29:42.725Z", "object_repr": "Tiendas slide", "object_id": "7", "change_message": "", "user": 1, "content_type": 10}}, {"pk": 9, "model": "admin.logentry", "fields": {"action_flag": 3, "action_time": "2013-08-31T16:29:53.420Z", "object_repr": "Flu & You", "object_id": "2", "change_message": "", "user": 1, "content_type": 10}}, {"pk": 10, "model": "admin.logentry", "fields": {"action_flag": 1, "action_time": "2013-09-02T07:13:15.487Z", "object_repr": "Tiendas slide", "object_id": "9", "change_message": "", "user": 1, "content_type": 10}}, {"pk": 11, "model": "admin.logentry", "fields": {"action_flag": 1, "action_time": "2013-09-02T07:13:32.296Z", "object_repr": "Chalets slide", "object_id": "10", "change_message": "", "user": 1, "content_type": 10}}, {"pk": 12, "model": "admin.logentry", "fields": {"action_flag": 3, "action_time": "2013-09-02T08:34:58.332Z", "object_repr": "Chalets slide", "object_id": "10", "change_message": "", "user": 1, "content_type": 10}}, {"pk": 13, "model": "admin.logentry", "fields": {"action_flag": 3, "action_time": "2013-09-02T08:34:58.360Z", "object_repr": "Tiendas slide", "object_id": "9", "change_message": "", "user": 1, "content_type": 10}}, {"pk": 14, "model": "admin.logentry", "fields": {"action_flag": 1, "action_time": "2013-09-02T08:37:51.874Z", "object_repr": "Tiendas slide", "object_id": "11", "change_message": "", "user": 1, "content_type": 10}}, {"pk": 15, "model": "admin.logentry", "fields": {"action_flag": 1, "action_time": "2013-09-02T08:38:25.456Z", "object_repr": "Chalets slide", "object_id": "12", "change_message": "", "user": 1, "content_type": 10}}, {"pk": 16, "model": "admin.logentry", "fields": {"action_flag": 1, "action_time": "2013-09-02T09:20:22.934Z", "object_repr": "Flu & You", "object_id": "13", "change_message": "", "user": 1, "content_type": 10}}, {"pk": 17, "model": "admin.logentry", "fields": {"action_flag": 1, "action_time": "2013-09-02T09:21:04.433Z", "object_repr": "Casi Van Gogh", "object_id": "14", "change_message": "", "user": 1, "content_type": 10}}, {"pk": 18, "model": "admin.logentry", "fields": {"action_flag": 1, "action_time": "2013-09-02T09:21:25.344Z", "object_repr": "Andrey Shevchenko", "object_id": "2", "change_message": "", "user": 1, "content_type": 9}}, {"pk": 19, "model": "admin.logentry", "fields": {"action_flag": 1, "action_time": "2013-09-02T09:21:48.923Z", "object_repr": "Conejo con reflejos rosas", "object_id": "15", "change_message": "", "user": 1, "content_type": 10}}, {"pk": 20, "model": "admin.logentry", "fields": {"action_flag": 1, "action_time": "2013-09-02T15:40:54.631Z", "object_repr": "Pigmeon Love", "object_id": "16", "change_message": "", "user": 1, "content_type": 10}}, {"pk": 21, "model": "admin.logentry", "fields": {"action_flag": 3, "action_time": "2013-10-01T09:26:13.816Z", "object_repr": "Pigmeon Love", "object_id": "16", "change_message": "", "user": 1, "content_type": 10}}, {"pk": 22, "model": "admin.logentry", "fields": {"action_flag": 3, "action_time": "2013-10-01T09:26:13.890Z", "object_repr": "Conejo con reflejos rosas", "object_id": "15", "change_message": "", "user": 1, "content_type": 10}}, {"pk": 23, "model": "admin.logentry", "fields": {"action_flag": 3, "action_time": "2013-10-01T09:26:13.906Z", "object_repr": "Casi Van Gogh", "object_id": "14", "change_message": "", "user": 1, "content_type": 10}}, {"pk": 24, "model": "admin.logentry", "fields": {"action_flag": 3, "action_time": "2013-10-01T09:26:13.923Z", "object_repr": "Flu & You", "object_id": "13", "change_message": "", "user": 1, "content_type": 10}}, {"pk": 25, "model": "admin.logentry", "fields": {"action_flag": 3, "action_time": "2013-10-01T09:26:27.348Z", "object_repr": "Andrey Shevchenko", "object_id": "2", "change_message": "", "user": 1, "content_type": 9}}, {"pk": 26, "model": "admin.logentry", "fields": {"action_flag": 3, "action_time": "2013-10-01T09:26:27.377Z", "object_repr": "Bryan Moats", "object_id": "1", "change_message": "", "user": 1, "content_type": 9}}, {"pk": 27, "model": "admin.logentry", "fields": {"action_flag": 1, "action_time": "2013-10-01T09:26:54.798Z", "object_repr": "Edificaci\u00f3n nueva y fachadas", "object_id": "3", "change_message": "", "user": 1, "content_type": 9}}, {"pk": 28, "model": "admin.logentry", "fields": {"action_flag": 1, "action_time": "2013-10-01T09:27:06.237Z", "object_repr": "Reformas interiores", "object_id": "4", "change_message": "", "user": 1, "content_type": 9}}, {"pk": 29, "model": "admin.logentry", "fields": {"action_flag": 1, "action_time": "2013-10-01T09:27:19.354Z", "object_repr": "R\u00fastico y Chalets", "object_id": "5", "change_message": "", "user": 1, "content_type": 9}}, {"pk": 30, "model": "admin.logentry", "fields": {"action_flag": 1, "action_time": "2013-10-01T09:27:40.899Z", "object_repr": "Trabajos Especiales", "object_id": "6", "change_message": "", "user": 1, "content_type": 9}}, {"pk": 31, "model": "admin.logentry", "fields": {"action_flag": 2, "action_time": "2013-10-01T09:27:54.369Z", "object_repr": "Reformas Interiores", "object_id": "4", "change_message": "Modificado/a title.", "user": 1, "content_type": 9}}, {"pk": 32, "model": "admin.logentry", "fields": {"action_flag": 1, "action_time": "2013-10-01T09:29:58.251Z", "object_repr": "Vigas chalet exterior", "object_id": "17", "change_message": "", "user": 1, "content_type": 10}}, {"pk": 33, "model": "admin.logentry", "fields": {"action_flag": 1, "action_time": "2013-10-01T09:31:26.436Z", "object_repr": "Vigas chalet interior", "object_id": "18", "change_message": "", "user": 1, "content_type": 10}}, {"pk": 34, "model": "admin.logentry", "fields": {"action_flag": 1, "action_time": "2013-10-01T09:32:27.431Z", "object_repr": "Edificio caravista", "object_id": "19", "change_message": "", "user": 1, "content_type": 10}}, {"pk": 35, "model": "admin.logentry", "fields": {"action_flag": 1, "action_time": "2013-10-01T09:32:48.783Z", "object_repr": "Fachada caravista", "object_id": "20", "change_message": "", "user": 1, "content_type": 10}}, {"pk": 36, "model": "admin.logentry", "fields": {"action_flag": 1, "action_time": "2013-10-01T09:35:54.109Z", "object_repr": "Ventana ba\u00f1o", "object_id": "21", "change_message": "", "user": 1, "content_type": 10}}, {"pk": 37, "model": "admin.logentry", "fields": {"action_flag": 1, "action_time": "2013-10-01T09:36:52.183Z", "object_repr": "Lavabo ba\u00f1o", "object_id": "22", "change_message": "", "user": 1, "content_type": 10}}, {"pk": 38, "model": "admin.logentry", "fields": {"action_flag": 1, "action_time": "2013-10-01T09:37:12.218Z", "object_repr": "Ducha ba\u00f1o", "object_id": "23", "change_message": "", "user": 1, "content_type": 10}}, {"pk": 39, "model": "admin.logentry", "fields": {"action_flag": 1, "action_time": "2013-10-01T09:37:51.799Z", "object_repr": "Vista general ba\u00f1o", "object_id": "24", "change_message": "", "user": 1, "content_type": 10}}, {"pk": 40, "model": "admin.logentry", "fields": {"action_flag": 1, "action_time": "2013-10-01T09:38:46.539Z", "object_repr": "Ba\u00f1o", "object_id": "25", "change_message": "", "user": 1, "content_type": 10}}, {"pk": 41, "model": "admin.logentry", "fields": {"action_flag": 1, "action_time": "2013-10-01T09:39:41.028Z", "object_repr": "Ba\u00f1o sin amueblar", "object_id": "26", "change_message": "", "user": 1, "content_type": 10}}, {"pk": 42, "model": "admin.logentry", "fields": {"action_flag": 1, "action_time": "2013-10-01T09:40:13.820Z", "object_repr": "Tienda interior", "object_id": "27", "change_message": "", "user": 1, "content_type": 10}}, {"pk": 43, "model": "admin.logentry", "fields": {"action_flag": 1, "action_time": "2013-10-01T09:40:42.444Z", "object_repr": "Interior tienda", "object_id": "28", "change_message": "", "user": 1, "content_type": 10}}, {"pk": 44, "model": "admin.logentry", "fields": {"action_flag": 1, "action_time": "2013-10-01T09:41:52.918Z", "object_repr": "Botellero cocina", "object_id": "29", "change_message": "", "user": 1, "content_type": 10}}, {"pk": 45, "model": "admin.logentry", "fields": {"action_flag": 1, "action_time": "2013-10-01T09:42:09.451Z", "object_repr": "Cocina sin amueblar", "object_id": "30", "change_message": "", "user": 1, "content_type": 10}}, {"pk": 46, "model": "admin.logentry", "fields": {"action_flag": 1, "action_time": "2013-10-01T09:43:03.237Z", "object_repr": "Arco de cocina sin amueblar", "object_id": "31", "change_message": "", "user": 1, "content_type": 10}}, {"pk": 47, "model": "admin.logentry", "fields": {"action_flag": 1, "action_time": "2013-10-01T09:43:31.165Z", "object_repr": "Arco cocina amueblado", "object_id": "32", "change_message": "", "user": 1, "content_type": 10}}, {"pk": 48, "model": "admin.logentry", "fields": {"action_flag": 1, "action_time": "2013-10-01T09:44:05.084Z", "object_repr": "Barra americana sin amueblar", "object_id": "33", "change_message": "", "user": 1, "content_type": 10}}, {"pk": 49, "model": "admin.logentry", "fields": {"action_flag": 1, "action_time": "2013-10-01T09:44:43.915Z", "object_repr": "Barra americana amueblada", "object_id": "34", "change_message": "", "user": 1, "content_type": 10}}, {"pk": 50, "model": "admin.logentry", "fields": {"action_flag": 1, "action_time": "2013-10-01T09:54:15.069Z", "object_repr": "Sombreros entrada", "object_id": "35", "change_message": "", "user": 1, "content_type": 10}}, {"pk": 51, "model": "admin.logentry", "fields": {"action_flag": 1, "action_time": "2013-10-01T09:54:47.264Z", "object_repr": "Porche chalet", "object_id": "36", "change_message": "", "user": 1, "content_type": 10}}, {"pk": 52, "model": "admin.logentry", "fields": {"action_flag": 1, "action_time": "2013-10-01T09:55:04.613Z", "object_repr": "Terraza pavimentada", "object_id": "37", "change_message": "", "user": 1, "content_type": 10}}, {"pk": 53, "model": "admin.logentry", "fields": {"action_flag": 1, "action_time": "2013-10-01T09:55:26.018Z", "object_repr": "Barbacoa exterior", "object_id": "38", "change_message": "", "user": 1, "content_type": 10}}, {"pk": 54, "model": "admin.logentry", "fields": {"action_flag": 1, "action_time": "2013-10-01T09:55:47.179Z", "object_repr": "Interior barbacoa", "object_id": "39", "change_message": "", "user": 1, "content_type": 10}}, {"pk": 55, "model": "admin.logentry", "fields": {"action_flag": 1, "action_time": "2013-10-01T09:56:05.326Z", "object_repr": "Fregadero barbacoa", "object_id": "40", "change_message": "", "user": 1, "content_type": 10}}, {"pk": 56, "model": "admin.logentry", "fields": {"action_flag": 1, "action_time": "2013-10-01T09:56:32.609Z", "object_repr": "Chalet con piscina", "object_id": "41", "change_message": "", "user": 1, "content_type": 10}}, {"pk": 57, "model": "admin.logentry", "fields": {"action_flag": 1, "action_time": "2013-10-01T09:57:18.059Z", "object_repr": "Arco caravista", "object_id": "42", "change_message": "", "user": 1, "content_type": 10}}, {"pk": 58, "model": "admin.logentry", "fields": {"action_flag": 1, "action_time": "2013-10-01T09:57:33.049Z", "object_repr": "Arco caravista destalle", "object_id": "43", "change_message": "", "user": 1, "content_type": 10}}, {"pk": 59, "model": "admin.logentry", "fields": {"action_flag": 1, "action_time": "2013-10-01T09:58:02.486Z", "object_repr": "Tienda exterior", "object_id": "44", "change_message": "", "user": 1, "content_type": 10}}, {"pk": 60, "model": "admin.logentry", "fields": {"action_flag": 1, "action_time": "2013-10-01T09:58:29.705Z", "object_repr": "Horno y chimenea", "object_id": "45", "change_message": "", "user": 1, "content_type": 10}}, {"pk": 61, "model": "admin.logentry", "fields": {"action_flag": 1, "action_time": "2013-10-01T09:58:56.518Z", "object_repr": "Caseta", "object_id": "46", "change_message": "", "user": 1, "content_type": 10}}, {"pk": 62, "model": "admin.logentry", "fields": {"action_flag": 1, "action_time": "2013-10-01T09:59:21.466Z", "object_repr": "Jard\u00edn con estanque", "object_id": "47", "change_message": "", "user": 1, "content_type": 10}}, {"pk": 63, "model": "admin.logentry", "fields": {"action_flag": 1, "action_time": "2013-10-01T10:00:22.600Z", "object_repr": "Jard\u00edn en \u00e1tico ", "object_id": "48", "change_message": "", "user": 1, "content_type": 10}}, {"pk": 64, "model": "admin.logentry", "fields": {"action_flag": 1, "action_time": "2013-10-02T08:24:09.570Z", "object_repr": "Interior slide", "object_id": "49", "change_message": "", "user": 1, "content_type": 10}}, {"pk": 65, "model": "admin.logentry", "fields": {"action_flag": 1, "action_time": "2013-10-02T08:24:30.256Z", "object_repr": "R\u00fastico slide", "object_id": "50", "change_message": "", "user": 1, "content_type": 10}}]
